ALARM ID,0
DATE,2023/01/04,11:45:26,

No,DATE,TIME,COUNT,STATUS,ALARM No,MESSAGE
0,2022/12/29,15:30:45,32,ON,2,L1002 横穴未貫通異常
1,2022/12/29,13:06:03,280,ON,5,L1005 二面幅位置決め異常
2,2022/12/29,13:05:11,49,ON,54,L1306 ｶｳﾝﾄｾﾝｻｰ異常
3,2022/12/29,13:00:51,279,ON,5,L1005 二面幅位置決め異常
4,2022/12/29,12:58:34,48,ON,54,L1306 ｶｳﾝﾄｾﾝｻｰ異常
5,2022/12/29,10:26:38,278,ON,5,L1005 二面幅位置決め異常
6,2022/12/28,18:47:37,277,ON,5,L1005 二面幅位置決め異常
7,2022/12/28,18:44:59,47,ON,54,L1306 ｶｳﾝﾄｾﾝｻｰ異常
8,2022/12/28,17:37:25,276,ON,5,L1005 二面幅位置決め異常
9,2022/12/28,14:22:54,139,ON,3,L1003 ﾉｯﾁ前進不良
10,2022/12/28,14:07:59,275,ON,5,L1005 二面幅位置決め異常
11,2022/12/28,14:05:42,274,ON,5,L1005 二面幅位置決め異常
12,2022/12/28,14:05:24,273,ON,5,L1005 二面幅位置決め異常
13,2022/12/28,14:05:10,272,ON,5,L1005 二面幅位置決め異常
14,2022/12/28,14:04:52,155,ON,4,L1004 足先検査不良
15,2022/12/20,09:11:51,271,ON,5,L1005 二面幅位置決め異常
16,2022/12/20,09:07:31,31,ON,2,L1002 横穴未貫通異常
17,2022/12/20,08:43:03,270,ON,5,L1005 二面幅位置決め異常
18,2022/12/20,08:23:17,269,ON,5,L1005 二面幅位置決め異常
19,2022/12/19,14:35:46,268,ON,5,L1005 二面幅位置決め異常
20,2022/12/19,11:58:40,154,ON,4,L1004 足先検査不良
21,2022/12/19,11:51:51,267,ON,5,L1005 二面幅位置決め異常
22,2022/12/19,11:48:36,266,ON,5,L1005 二面幅位置決め異常
23,2022/12/19,10:53:44,265,ON,5,L1005 二面幅位置決め異常
24,2022/12/19,10:46:20,104,ON,1,L1001 ｸﾗﾝﾌﾟ不良
25,2022/12/19,10:16:45,264,ON,5,L1005 二面幅位置決め異常
26,2022/12/19,10:15:07,263,ON,5,L1005 二面幅位置決め異常
27,2022/12/19,09:52:07,103,ON,1,L1001 ｸﾗﾝﾌﾟ不良
28,2022/12/19,09:38:44,262,ON,5,L1005 二面幅位置決め異常
29,2022/12/16,16:54:36,261,ON,5,L1005 二面幅位置決め異常
30,2022/12/16,16:05:44,260,ON,5,L1005 二面幅位置決め異常
31,2022/12/16,14:22:28,102,ON,1,L1001 ｸﾗﾝﾌﾟ不良
32,2022/12/16,14:06:07,259,ON,5,L1005 二面幅位置決め異常
33,2022/12/16,13:52:41,258,ON,5,L1005 二面幅位置決め異常
34,2022/12/16,13:12:35,101,ON,1,L1001 ｸﾗﾝﾌﾟ不良
35,2022/12/16,13:11:23,257,ON,5,L1005 二面幅位置決め異常
36,2022/12/16,13:09:53,153,ON,4,L1004 足先検査不良
37,2022/12/16,12:26:01,256,ON,5,L1005 二面幅位置決め異常
38,2022/12/16,11:48:16,152,ON,4,L1004 足先検査不良
39,2022/12/16,11:18:44,151,ON,4,L1004 足先検査不良
40,2022/12/16,11:02:40,138,ON,3,L1003 ﾉｯﾁ前進不良
41,2022/12/16,08:40:13,255,ON,5,L1005 二面幅位置決め異常
42,2022/12/16,08:38:52,100,ON,1,L1001 ｸﾗﾝﾌﾟ不良
43,2022/12/16,08:10:12,254,ON,5,L1005 二面幅位置決め異常
44,2022/12/15,18:51:19,30,ON,2,L1002 横穴未貫通異常
45,2022/12/15,17:26:19,137,ON,3,L1003 ﾉｯﾁ前進不良
46,2022/12/15,14:55:11,150,ON,4,L1004 足先検査不良
47,2022/12/15,13:46:05,253,ON,5,L1005 二面幅位置決め異常
48,2022/12/15,10:20:45,252,ON,5,L1005 二面幅位置決め異常
49,2022/12/14,18:39:30,4,ON,48,L1300 残留ﾜｰｸ検知異常
50,2022/12/14,14:59:21,251,ON,5,L1005 二面幅位置決め異常
51,2022/12/12,16:38:09,250,ON,5,L1005 二面幅位置決め異常
52,2022/12/12,16:34:41,249,ON,5,L1005 二面幅位置決め異常
53,2022/12/12,16:26:23,248,ON,5,L1005 二面幅位置決め異常
54,2022/12/12,16:05:17,247,ON,5,L1005 二面幅位置決め異常
55,2022/12/12,15:13:11,246,ON,5,L1005 二面幅位置決め異常
56,2022/12/12,15:12:12,245,ON,5,L1005 二面幅位置決め異常
57,2022/12/12,15:10:07,244,ON,5,L1005 二面幅位置決め異常
58,2022/12/12,15:08:11,243,ON,5,L1005 二面幅位置決め異常
59,2022/12/12,14:46:41,99,ON,1,L1001 ｸﾗﾝﾌﾟ不良
60,2022/12/12,14:38:25,242,ON,5,L1005 二面幅位置決め異常
61,2022/12/12,11:15:36,46,ON,54,L1306 ｶｳﾝﾄｾﾝｻｰ異常
62,2022/12/12,11:10:53,241,ON,5,L1005 二面幅位置決め異常
63,2022/12/12,11:07:58,29,ON,2,L1002 横穴未貫通異常
64,2022/12/12,10:12:18,240,ON,5,L1005 二面幅位置決め異常
65,2022/12/12,10:05:19,239,ON,5,L1005 二面幅位置決め異常
66,2022/12/12,08:47:38,238,ON,5,L1005 二面幅位置決め異常
67,2022/12/12,08:42:17,237,ON,5,L1005 二面幅位置決め異常
68,2022/12/10,14:33:08,236,ON,5,L1005 二面幅位置決め異常
69,2022/12/10,14:31:29,235,ON,5,L1005 二面幅位置決め異常
70,2022/12/10,11:20:38,234,ON,5,L1005 二面幅位置決め異常
71,2022/12/10,08:50:32,149,ON,4,L1004 足先検査不良
72,2022/12/10,08:50:09,148,ON,4,L1004 足先検査不良
73,2022/12/10,08:24:45,147,ON,4,L1004 足先検査不良
74,2022/12/09,16:33:24,233,ON,5,L1005 二面幅位置決め異常
75,2022/12/09,10:25:54,146,ON,4,L1004 足先検査不良
76,2022/12/09,10:25:08,232,ON,5,L1005 二面幅位置決め異常
77,2022/12/09,10:23:28,231,ON,5,L1005 二面幅位置決め異常
78,2022/12/09,10:21:01,45,ON,54,L1306 ｶｳﾝﾄｾﾝｻｰ異常
79,2022/12/08,18:15:18,145,ON,4,L1004 足先検査不良
80,2022/12/08,18:14:53,144,ON,4,L1004 足先検査不良
81,2022/12/08,18:13:25,143,ON,4,L1004 足先検査不良
82,2022/12/08,18:07:59,230,ON,5,L1005 二面幅位置決め異常
83,2022/12/08,18:02:41,229,ON,5,L1005 二面幅位置決め異常
84,2022/12/08,17:59:27,228,ON,5,L1005 二面幅位置決め異常
85,2022/12/08,17:57:35,227,ON,5,L1005 二面幅位置決め異常
86,2022/12/08,16:47:46,98,ON,1,L1001 ｸﾗﾝﾌﾟ不良
87,2022/12/08,16:47:06,97,ON,1,L1001 ｸﾗﾝﾌﾟ不良
88,2022/12/08,16:45:13,226,ON,5,L1005 二面幅位置決め異常
89,2022/12/08,15:31:32,225,ON,5,L1005 二面幅位置決め異常
90,2022/12/08,12:55:41,28,ON,2,L1002 横穴未貫通異常
91,2022/12/08,11:33:22,224,ON,5,L1005 二面幅位置決め異常
92,2022/12/08,11:23:59,223,ON,5,L1005 二面幅位置決め異常
93,2022/12/08,11:21:44,222,ON,5,L1005 二面幅位置決め異常
94,2022/12/08,10:24:32,221,ON,5,L1005 二面幅位置決め異常
95,2022/12/08,10:23:14,220,ON,5,L1005 二面幅位置決め異常
96,2022/12/08,09:24:39,219,ON,5,L1005 二面幅位置決め異常
97,2022/12/08,09:22:10,218,ON,5,L1005 二面幅位置決め異常
98,2022/12/08,09:21:27,217,ON,5,L1005 二面幅位置決め異常
99,2022/12/08,08:59:26,216,ON,5,L1005 二面幅位置決め異常
100,2022/12/08,08:58:39,215,ON,5,L1005 二面幅位置決め異常
101,2022/12/08,08:58:06,214,ON,5,L1005 二面幅位置決め異常
102,2022/12/08,08:56:15,44,ON,54,L1306 ｶｳﾝﾄｾﾝｻｰ異常
103,2022/12/08,08:54:17,213,ON,5,L1005 二面幅位置決め異常
104,2022/12/08,08:50:52,27,ON,2,L1002 横穴未貫通異常
105,2022/12/08,08:49:20,26,ON,2,L1002 横穴未貫通異常
106,2022/12/08,08:25:25,43,ON,54,L1306 ｶｳﾝﾄｾﾝｻｰ異常
107,2022/12/08,08:18:24,212,ON,5,L1005 二面幅位置決め異常
108,2022/12/08,08:17:06,42,ON,54,L1306 ｶｳﾝﾄｾﾝｻｰ異常
109,2022/12/08,08:15:19,211,ON,5,L1005 二面幅位置決め異常
110,2022/12/07,18:49:21,210,ON,5,L1005 二面幅位置決め異常
111,2022/12/07,15:52:06,209,ON,5,L1005 二面幅位置決め異常
112,2022/12/07,15:46:42,208,ON,5,L1005 二面幅位置決め異常
113,2022/12/07,15:10:23,142,ON,4,L1004 足先検査不良
114,2022/11/28,18:33:27,207,ON,5,L1005 二面幅位置決め異常
115,2022/11/28,17:52:38,141,ON,4,L1004 足先検査不良
116,2022/11/28,17:26:25,206,ON,5,L1005 二面幅位置決め異常
117,2022/11/28,17:19:26,140,ON,4,L1004 足先検査不良
118,2022/11/28,16:15:37,205,ON,5,L1005 二面幅位置決め異常
119,2022/11/28,14:54:40,204,ON,5,L1005 二面幅位置決め異常
120,2022/11/28,14:45:01,203,ON,5,L1005 二面幅位置決め異常
121,2022/11/28,13:54:34,139,ON,4,L1004 足先検査不良
122,2022/11/28,13:47:41,202,ON,5,L1005 二面幅位置決め異常
123,2022/11/28,12:20:58,136,ON,3,L1003 ﾉｯﾁ前進不良
124,2022/11/28,11:53:36,138,ON,4,L1004 足先検査不良
125,2022/11/28,10:37:52,201,ON,5,L1005 二面幅位置決め異常
126,2022/11/28,08:36:15,200,ON,5,L1005 二面幅位置決め異常
127,2022/11/26,14:26:33,199,ON,5,L1005 二面幅位置決め異常
128,2022/11/26,10:34:45,198,ON,5,L1005 二面幅位置決め異常
129,2022/11/26,10:02:36,96,ON,1,L1001 ｸﾗﾝﾌﾟ不良
130,2022/11/26,10:02:23,95,ON,1,L1001 ｸﾗﾝﾌﾟ不良
131,2022/11/26,10:01:51,94,ON,1,L1001 ｸﾗﾝﾌﾟ不良
132,2022/11/26,09:52:36,135,ON,3,L1003 ﾉｯﾁ前進不良
133,2022/11/26,09:51:10,134,ON,3,L1003 ﾉｯﾁ前進不良
134,2022/11/26,09:51:10,93,ON,1,L1001 ｸﾗﾝﾌﾟ不良
135,2022/11/26,09:38:58,197,ON,5,L1005 二面幅位置決め異常
136,2022/11/25,14:58:35,3,ON,48,L1300 残留ﾜｰｸ検知異常
137,2022/11/25,14:08:53,137,ON,4,L1004 足先検査不良
138,2022/11/25,13:54:54,136,ON,4,L1004 足先検査不良
139,2022/11/24,11:07:18,196,ON,5,L1005 二面幅位置決め異常
140,2022/11/24,10:59:07,195,ON,5,L1005 二面幅位置決め異常
141,2022/11/24,08:54:58,41,ON,54,L1306 ｶｳﾝﾄｾﾝｻｰ異常
142,2022/11/24,08:30:23,194,ON,5,L1005 二面幅位置決め異常
143,2022/11/23,18:44:24,25,ON,2,L1002 横穴未貫通異常
144,2022/11/23,18:33:57,135,ON,4,L1004 足先検査不良
145,2022/11/23,18:32:44,193,ON,5,L1005 二面幅位置決め異常
146,2022/11/23,16:38:53,134,ON,4,L1004 足先検査不良
147,2022/11/23,16:07:56,133,ON,4,L1004 足先検査不良
148,2022/11/23,12:27:06,192,ON,5,L1005 二面幅位置決め異常
149,2022/11/23,12:05:53,133,ON,3,L1003 ﾉｯﾁ前進不良
150,2022/11/23,12:04:53,132,ON,3,L1003 ﾉｯﾁ前進不良
151,2022/11/23,11:35:25,132,ON,4,L1004 足先検査不良
152,2022/11/23,11:14:14,131,ON,4,L1004 足先検査不良
153,2022/11/23,11:13:27,130,ON,4,L1004 足先検査不良
154,2022/11/23,11:13:11,129,ON,4,L1004 足先検査不良
155,2022/11/23,11:11:51,128,ON,4,L1004 足先検査不良
156,2022/11/23,11:10:50,127,ON,4,L1004 足先検査不良
157,2022/11/23,11:09:50,126,ON,4,L1004 足先検査不良
158,2022/11/23,11:09:11,125,ON,4,L1004 足先検査不良
159,2022/11/23,11:07:41,124,ON,4,L1004 足先検査不良
160,2022/11/23,11:07:01,123,ON,4,L1004 足先検査不良
161,2022/11/23,11:06:49,122,ON,4,L1004 足先検査不良
162,2022/11/23,11:05:12,121,ON,4,L1004 足先検査不良
163,2022/11/23,10:57:44,120,ON,4,L1004 足先検査不良
164,2022/11/23,10:52:56,119,ON,4,L1004 足先検査不良
165,2022/11/22,14:15:16,191,ON,5,L1005 二面幅位置決め異常
166,2022/11/22,14:06:15,131,ON,3,L1003 ﾉｯﾁ前進不良
167,2022/11/22,14:04:40,130,ON,3,L1003 ﾉｯﾁ前進不良
168,2022/11/22,14:03:21,118,ON,4,L1004 足先検査不良
169,2022/11/22,14:01:40,92,ON,1,L1001 ｸﾗﾝﾌﾟ不良
170,2022/11/22,13:47:28,129,ON,3,L1003 ﾉｯﾁ前進不良
171,2022/11/22,13:47:28,91,ON,1,L1001 ｸﾗﾝﾌﾟ不良
172,2022/11/22,13:30:07,128,ON,3,L1003 ﾉｯﾁ前進不良
173,2022/11/22,13:30:07,90,ON,1,L1001 ｸﾗﾝﾌﾟ不良
174,2022/11/22,13:27:51,24,ON,2,L1002 横穴未貫通異常
175,2022/11/22,13:15:03,127,ON,3,L1003 ﾉｯﾁ前進不良
176,2022/11/22,12:38:09,117,ON,4,L1004 足先検査不良
177,2022/11/22,11:59:32,89,ON,1,L1001 ｸﾗﾝﾌﾟ不良
178,2022/11/22,11:57:23,116,ON,4,L1004 足先検査不良
179,2022/11/22,11:51:17,190,ON,5,L1005 二面幅位置決め異常
180,2022/11/22,11:46:56,126,ON,3,L1003 ﾉｯﾁ前進不良
181,2022/11/22,11:44:00,125,ON,3,L1003 ﾉｯﾁ前進不良
182,2022/11/22,10:55:35,23,ON,2,L1002 横穴未貫通異常
183,2022/11/22,10:05:13,88,ON,1,L1001 ｸﾗﾝﾌﾟ不良
184,2022/11/22,08:52:18,124,ON,3,L1003 ﾉｯﾁ前進不良
185,2022/11/22,08:51:44,22,ON,2,L1002 横穴未貫通異常
186,2022/11/22,08:50:46,123,ON,3,L1003 ﾉｯﾁ前進不良
187,2022/11/22,08:20:17,122,ON,3,L1003 ﾉｯﾁ前進不良
188,2022/11/21,18:31:01,121,ON,3,L1003 ﾉｯﾁ前進不良
189,2022/11/21,18:31:01,87,ON,1,L1001 ｸﾗﾝﾌﾟ不良
190,2022/11/21,16:50:02,189,ON,5,L1005 二面幅位置決め異常
191,2022/11/21,16:03:52,115,ON,4,L1004 足先検査不良
192,2022/11/21,15:04:57,114,ON,4,L1004 足先検査不良
193,2022/11/15,16:28:35,40,ON,54,L1306 ｶｳﾝﾄｾﾝｻｰ異常
194,2022/11/15,14:43:26,120,ON,3,L1003 ﾉｯﾁ前進不良
195,2022/11/15,14:27:03,5,ON,0,L1000 安全ｸﾗｯﾁ異常
196,2022/11/15,12:12:15,113,ON,4,L1004 足先検査不良
197,2022/11/15,11:14:07,119,ON,3,L1003 ﾉｯﾁ前進不良
198,2022/11/15,10:11:01,118,ON,3,L1003 ﾉｯﾁ前進不良
199,2022/11/15,10:04:55,21,ON,2,L1002 横穴未貫通異常
200,2022/11/15,08:47:39,86,ON,1,L1001 ｸﾗﾝﾌﾟ不良
201,2022/11/14,18:20:24,117,ON,3,L1003 ﾉｯﾁ前進不良
202,2022/11/14,18:05:18,20,ON,2,L1002 横穴未貫通異常
203,2022/11/14,17:20:59,188,ON,5,L1005 二面幅位置決め異常
204,2022/11/14,16:20:46,187,ON,5,L1005 二面幅位置決め異常
205,2022/11/14,16:07:00,116,ON,3,L1003 ﾉｯﾁ前進不良
206,2022/11/14,15:45:42,115,ON,3,L1003 ﾉｯﾁ前進不良
207,2022/11/14,15:39:04,114,ON,3,L1003 ﾉｯﾁ前進不良
208,2022/11/14,15:28:33,113,ON,3,L1003 ﾉｯﾁ前進不良
209,2022/11/14,14:57:13,186,ON,5,L1005 二面幅位置決め異常
210,2022/11/14,13:57:18,185,ON,5,L1005 二面幅位置決め異常
211,2022/11/14,13:16:31,19,ON,2,L1002 横穴未貫通異常
212,2022/11/14,12:43:18,18,ON,2,L1002 横穴未貫通異常
213,2022/11/14,11:41:59,184,ON,5,L1005 二面幅位置決め異常
214,2022/11/14,11:19:55,112,ON,4,L1004 足先検査不良
215,2022/11/14,10:50:33,111,ON,4,L1004 足先検査不良
216,2022/11/14,10:11:44,112,ON,3,L1003 ﾉｯﾁ前進不良
217,2022/11/14,09:35:31,110,ON,4,L1004 足先検査不良
218,2022/11/14,09:32:41,109,ON,4,L1004 足先検査不良
219,2022/11/14,09:15:15,183,ON,5,L1005 二面幅位置決め異常
220,2022/11/14,09:05:04,85,ON,1,L1001 ｸﾗﾝﾌﾟ不良
221,2022/11/14,08:55:05,108,ON,4,L1004 足先検査不良
222,2022/11/14,08:43:10,111,ON,3,L1003 ﾉｯﾁ前進不良
223,2022/11/14,08:43:10,84,ON,1,L1001 ｸﾗﾝﾌﾟ不良
224,2022/11/14,08:25:52,110,ON,3,L1003 ﾉｯﾁ前進不良
225,2022/11/14,08:22:39,107,ON,4,L1004 足先検査不良
226,2022/11/11,18:34:38,106,ON,4,L1004 足先検査不良
227,2022/11/11,18:19:00,109,ON,3,L1003 ﾉｯﾁ前進不良
228,2022/11/11,17:11:21,17,ON,2,L1002 横穴未貫通異常
229,2022/11/11,16:39:14,182,ON,5,L1005 二面幅位置決め異常
230,2022/11/11,16:02:59,181,ON,5,L1005 二面幅位置決め異常
231,2022/11/11,15:15:28,180,ON,5,L1005 二面幅位置決め異常
232,2022/11/11,15:01:19,179,ON,5,L1005 二面幅位置決め異常
233,2022/11/11,14:43:04,108,ON,3,L1003 ﾉｯﾁ前進不良
234,2022/11/11,14:43:04,83,ON,1,L1001 ｸﾗﾝﾌﾟ不良
235,2022/11/11,14:29:09,82,ON,1,L1001 ｸﾗﾝﾌﾟ不良
236,2022/11/11,14:28:34,81,ON,1,L1001 ｸﾗﾝﾌﾟ不良
237,2022/11/11,14:22:21,107,ON,3,L1003 ﾉｯﾁ前進不良
238,2022/11/11,14:15:54,178,ON,5,L1005 二面幅位置決め異常
239,2022/11/11,13:40:43,105,ON,4,L1004 足先検査不良
240,2022/11/09,13:05:38,177,ON,5,L1005 二面幅位置決め異常
241,2022/11/09,12:15:23,176,ON,5,L1005 二面幅位置決め異常
242,2022/11/09,10:52:24,106,ON,3,L1003 ﾉｯﾁ前進不良
243,2022/11/09,10:47:23,175,ON,5,L1005 二面幅位置決め異常
244,2022/11/09,10:45:20,104,ON,4,L1004 足先検査不良
245,2022/11/09,10:14:21,105,ON,3,L1003 ﾉｯﾁ前進不良
246,2022/11/09,10:06:28,104,ON,3,L1003 ﾉｯﾁ前進不良
247,2022/11/09,09:45:22,103,ON,3,L1003 ﾉｯﾁ前進不良
248,2022/11/09,08:51:07,16,ON,2,L1002 横穴未貫通異常
249,2022/11/09,08:35:20,102,ON,3,L1003 ﾉｯﾁ前進不良
250,2022/11/09,08:32:17,15,ON,2,L1002 横穴未貫通異常
251,2022/11/09,08:27:40,103,ON,4,L1004 足先検査不良
252,2022/11/08,18:40:54,174,ON,5,L1005 二面幅位置決め異常
253,2022/11/08,18:34:18,14,ON,2,L1002 横穴未貫通異常
254,2022/11/08,13:59:47,102,ON,4,L1004 足先検査不良
255,2022/11/08,13:52:23,101,ON,4,L1004 足先検査不良
256,2022/11/08,13:41:44,101,ON,3,L1003 ﾉｯﾁ前進不良
257,2022/11/08,13:19:09,100,ON,3,L1003 ﾉｯﾁ前進不良
258,2022/11/08,13:10:39,13,ON,2,L1002 横穴未貫通異常
259,2022/11/08,12:22:11,99,ON,3,L1003 ﾉｯﾁ前進不良
260,2022/11/08,12:04:09,98,ON,3,L1003 ﾉｯﾁ前進不良
261,2022/11/08,12:04:09,80,ON,1,L1001 ｸﾗﾝﾌﾟ不良
262,2022/11/08,09:38:10,97,ON,3,L1003 ﾉｯﾁ前進不良
263,2022/11/08,09:33:40,173,ON,5,L1005 二面幅位置決め異常
264,2022/11/08,09:27:42,100,ON,4,L1004 足先検査不良
265,2022/11/08,09:27:24,99,ON,4,L1004 足先検査不良
266,2022/11/08,09:25:05,96,ON,3,L1003 ﾉｯﾁ前進不良
267,2022/11/08,09:15:09,95,ON,3,L1003 ﾉｯﾁ前進不良
268,2022/11/08,08:21:34,98,ON,4,L1004 足先検査不良
269,2022/11/07,16:35:16,79,ON,1,L1001 ｸﾗﾝﾌﾟ不良
270,2022/11/07,16:23:51,94,ON,3,L1003 ﾉｯﾁ前進不良
271,2022/11/07,15:23:40,93,ON,3,L1003 ﾉｯﾁ前進不良
272,2022/11/07,15:23:40,78,ON,1,L1001 ｸﾗﾝﾌﾟ不良
273,2022/11/07,15:03:22,92,ON,3,L1003 ﾉｯﾁ前進不良
274,2022/11/07,14:53:30,91,ON,3,L1003 ﾉｯﾁ前進不良
275,2022/11/07,14:41:56,172,ON,5,L1005 二面幅位置決め異常
276,2022/11/07,14:31:29,12,ON,2,L1002 横穴未貫通異常
277,2022/11/07,13:42:15,97,ON,4,L1004 足先検査不良
278,2022/11/07,12:14:31,90,ON,3,L1003 ﾉｯﾁ前進不良
279,2022/11/07,11:43:43,39,ON,54,L1306 ｶｳﾝﾄｾﾝｻｰ異常
280,2022/11/07,11:39:03,38,ON,54,L1306 ｶｳﾝﾄｾﾝｻｰ異常
281,2022/11/07,11:34:22,89,ON,3,L1003 ﾉｯﾁ前進不良
282,2022/11/07,11:09:23,77,ON,1,L1001 ｸﾗﾝﾌﾟ不良
283,2022/11/07,10:56:36,88,ON,3,L1003 ﾉｯﾁ前進不良
284,2022/11/07,10:43:43,96,ON,4,L1004 足先検査不良
285,2022/11/07,09:02:50,87,ON,3,L1003 ﾉｯﾁ前進不良
286,2022/11/07,08:53:58,171,ON,5,L1005 二面幅位置決め異常
287,2022/11/07,08:31:53,86,ON,3,L1003 ﾉｯﾁ前進不良
288,2022/11/07,08:14:28,85,ON,3,L1003 ﾉｯﾁ前進不良
289,2022/11/04,16:51:43,170,ON,5,L1005 二面幅位置決め異常
290,2022/11/04,16:28:24,84,ON,3,L1003 ﾉｯﾁ前進不良
291,2022/11/04,15:39:52,83,ON,3,L1003 ﾉｯﾁ前進不良
292,2022/11/04,14:05:08,95,ON,4,L1004 足先検査不良
293,2022/11/04,14:04:46,94,ON,4,L1004 足先検査不良
294,2022/11/04,14:03:25,93,ON,4,L1004 足先検査不良
295,2022/11/04,13:43:07,169,ON,5,L1005 二面幅位置決め異常
296,2022/11/04,11:46:18,2,ON,48,L1300 残留ﾜｰｸ検知異常
297,2022/10/31,11:37:20,168,ON,5,L1005 二面幅位置決め異常
298,2022/10/31,10:10:08,82,ON,3,L1003 ﾉｯﾁ前進不良
299,2022/10/31,09:53:32,81,ON,3,L1003 ﾉｯﾁ前進不良
300,2022/10/31,09:53:32,76,ON,1,L1001 ｸﾗﾝﾌﾟ不良
301,2022/10/31,09:39:51,37,ON,54,L1306 ｶｳﾝﾄｾﾝｻｰ異常
302,2022/10/31,08:58:44,92,ON,4,L1004 足先検査不良
303,2022/10/31,08:41:30,91,ON,4,L1004 足先検査不良
304,2022/10/31,08:29:57,167,ON,5,L1005 二面幅位置決め異常
305,2022/10/29,16:29:05,80,ON,3,L1003 ﾉｯﾁ前進不良
306,2022/10/29,15:50:23,166,ON,5,L1005 二面幅位置決め異常
307,2022/10/29,15:46:51,79,ON,3,L1003 ﾉｯﾁ前進不良
308,2022/10/29,14:50:02,165,ON,5,L1005 二面幅位置決め異常
309,2022/10/29,14:48:24,75,ON,1,L1001 ｸﾗﾝﾌﾟ不良
310,2022/10/29,13:25:20,164,ON,5,L1005 二面幅位置決め異常
311,2022/10/29,11:19:38,78,ON,3,L1003 ﾉｯﾁ前進不良
312,2022/10/29,11:19:38,74,ON,1,L1001 ｸﾗﾝﾌﾟ不良
313,2022/10/29,10:11:50,73,ON,1,L1001 ｸﾗﾝﾌﾟ不良
314,2022/10/29,09:47:49,77,ON,3,L1003 ﾉｯﾁ前進不良
315,2022/10/29,09:35:36,76,ON,3,L1003 ﾉｯﾁ前進不良
316,2022/10/29,09:35:36,72,ON,1,L1001 ｸﾗﾝﾌﾟ不良
317,2022/10/29,09:13:19,163,ON,5,L1005 二面幅位置決め異常
318,2022/10/29,09:02:09,162,ON,5,L1005 二面幅位置決め異常
319,2022/10/29,08:59:30,161,ON,5,L1005 二面幅位置決め異常
320,2022/10/29,08:38:34,75,ON,3,L1003 ﾉｯﾁ前進不良
321,2022/10/29,08:12:13,90,ON,4,L1004 足先検査不良
322,2022/10/29,08:08:06,160,ON,5,L1005 二面幅位置決め異常
323,2022/10/28,16:31:01,11,ON,2,L1002 横穴未貫通異常
324,2022/10/28,16:03:09,89,ON,4,L1004 足先検査不良
325,2022/10/28,15:44:55,159,ON,5,L1005 二面幅位置決め異常
326,2022/10/28,15:37:20,74,ON,3,L1003 ﾉｯﾁ前進不良
327,2022/10/28,14:29:37,88,ON,4,L1004 足先検査不良
328,2022/10/28,14:15:37,73,ON,3,L1003 ﾉｯﾁ前進不良
329,2022/10/28,14:15:37,71,ON,1,L1001 ｸﾗﾝﾌﾟ不良
330,2022/10/28,14:01:45,87,ON,4,L1004 足先検査不良
331,2022/10/28,13:54:36,86,ON,4,L1004 足先検査不良
332,2022/10/28,13:45:28,70,ON,1,L1001 ｸﾗﾝﾌﾟ不良
333,2022/10/28,13:23:21,10,ON,2,L1002 横穴未貫通異常
334,2022/10/28,13:17:58,72,ON,3,L1003 ﾉｯﾁ前進不良
335,2022/10/28,13:17:58,69,ON,1,L1001 ｸﾗﾝﾌﾟ不良
336,2022/10/28,10:56:25,9,ON,2,L1002 横穴未貫通異常
337,2022/10/28,10:24:53,158,ON,5,L1005 二面幅位置決め異常
338,2022/10/28,09:55:41,157,ON,5,L1005 二面幅位置決め異常
339,2022/10/28,09:38:20,156,ON,5,L1005 二面幅位置決め異常
340,2022/10/28,09:23:23,71,ON,3,L1003 ﾉｯﾁ前進不良
341,2022/10/28,08:59:19,70,ON,3,L1003 ﾉｯﾁ前進不良
342,2022/10/28,08:14:38,155,ON,5,L1005 二面幅位置決め異常
343,2022/10/27,18:50:05,69,ON,3,L1003 ﾉｯﾁ前進不良
344,2022/10/27,18:28:46,85,ON,4,L1004 足先検査不良
345,2022/10/27,18:22:52,84,ON,4,L1004 足先検査不良
346,2022/10/27,17:00:19,154,ON,5,L1005 二面幅位置決め異常
347,2022/10/27,15:12:23,83,ON,4,L1004 足先検査不良
348,2022/10/27,13:50:14,82,ON,4,L1004 足先検査不良
349,2022/10/27,13:17:25,81,ON,4,L1004 足先検査不良
350,2022/10/27,12:07:40,80,ON,4,L1004 足先検査不良
351,2022/10/27,11:58:40,8,ON,2,L1002 横穴未貫通異常
352,2022/10/27,11:56:45,68,ON,3,L1003 ﾉｯﾁ前進不良
353,2022/10/27,11:56:45,68,ON,1,L1001 ｸﾗﾝﾌﾟ不良
354,2022/10/27,09:39:44,153,ON,5,L1005 二面幅位置決め異常
355,2022/10/27,09:36:14,79,ON,4,L1004 足先検査不良
356,2022/10/27,09:05:01,78,ON,4,L1004 足先検査不良
357,2022/10/27,09:04:28,77,ON,4,L1004 足先検査不良
358,2022/10/27,08:46:31,67,ON,3,L1003 ﾉｯﾁ前進不良
359,2022/10/27,08:38:50,76,ON,4,L1004 足先検査不良
360,2022/10/27,08:30:38,75,ON,4,L1004 足先検査不良
361,2022/10/27,08:23:20,74,ON,4,L1004 足先検査不良
362,2022/10/27,08:22:42,73,ON,4,L1004 足先検査不良
363,2022/10/27,08:05:00,72,ON,4,L1004 足先検査不良
364,2022/10/27,08:03:04,66,ON,3,L1003 ﾉｯﾁ前進不良
365,2022/10/27,08:00:13,71,ON,4,L1004 足先検査不良
366,2022/10/26,18:45:04,70,ON,4,L1004 足先検査不良
367,2022/10/26,18:23:54,69,ON,4,L1004 足先検査不良
368,2022/10/26,17:42:00,68,ON,4,L1004 足先検査不良
369,2022/10/26,17:21:08,67,ON,4,L1004 足先検査不良
370,2022/10/26,17:09:58,67,ON,1,L1001 ｸﾗﾝﾌﾟ不良
371,2022/10/26,16:57:18,65,ON,3,L1003 ﾉｯﾁ前進不良
372,2022/10/26,16:53:14,64,ON,3,L1003 ﾉｯﾁ前進不良
373,2022/10/26,16:41:36,66,ON,4,L1004 足先検査不良
374,2022/10/26,16:41:13,65,ON,4,L1004 足先検査不良
375,2022/10/26,16:23:20,64,ON,4,L1004 足先検査不良
376,2022/10/26,16:22:51,63,ON,4,L1004 足先検査不良
377,2022/10/26,16:18:00,62,ON,4,L1004 足先検査不良
378,2022/10/26,16:14:03,61,ON,4,L1004 足先検査不良
379,2022/10/26,16:10:29,60,ON,4,L1004 足先検査不良
380,2022/10/26,16:09:05,59,ON,4,L1004 足先検査不良
381,2022/10/26,16:08:15,58,ON,4,L1004 足先検査不良
382,2022/10/26,16:08:00,57,ON,4,L1004 足先検査不良
383,2022/10/26,16:07:41,56,ON,4,L1004 足先検査不良
384,2022/10/26,16:05:50,66,ON,1,L1001 ｸﾗﾝﾌﾟ不良
385,2022/10/26,16:04:58,55,ON,4,L1004 足先検査不良
386,2022/10/26,15:55:29,63,ON,3,L1003 ﾉｯﾁ前進不良
387,2022/10/26,15:44:54,65,ON,1,L1001 ｸﾗﾝﾌﾟ不良
388,2022/10/26,15:44:04,64,ON,1,L1001 ｸﾗﾝﾌﾟ不良
389,2022/10/26,15:40:44,54,ON,4,L1004 足先検査不良
390,2022/10/26,15:39:41,53,ON,4,L1004 足先検査不良
391,2022/10/26,15:24:58,152,ON,5,L1005 二面幅位置決め異常
392,2022/10/26,15:14:45,63,ON,1,L1001 ｸﾗﾝﾌﾟ不良
393,2022/10/26,15:09:26,151,ON,5,L1005 二面幅位置決め異常
394,2022/10/26,15:02:42,52,ON,4,L1004 足先検査不良
395,2022/10/26,11:19:37,51,ON,4,L1004 足先検査不良
396,2022/10/25,08:49:47,62,ON,3,L1003 ﾉｯﾁ前進不良
397,2022/10/25,08:49:46,36,ON,54,L1306 ｶｳﾝﾄｾﾝｻｰ異常
398,2022/10/07,16:38:05,150,ON,5,L1005 二面幅位置決め異常
399,2022/10/07,16:12:55,61,ON,3,L1003 ﾉｯﾁ前進不良
400,2022/10/07,15:09:11,60,ON,3,L1003 ﾉｯﾁ前進不良
401,2022/10/07,13:25:22,149,ON,5,L1005 二面幅位置決め異常
402,2022/10/07,12:35:48,7,ON,2,L1002 横穴未貫通異常
403,2022/10/07,11:01:15,59,ON,3,L1003 ﾉｯﾁ前進不良
404,2022/10/07,10:53:29,6,ON,2,L1002 横穴未貫通異常
405,2022/10/07,10:25:12,148,ON,5,L1005 二面幅位置決め異常
406,2022/10/07,10:05:09,62,ON,1,L1001 ｸﾗﾝﾌﾟ不良
407,2022/10/07,09:59:46,58,ON,3,L1003 ﾉｯﾁ前進不良
408,2022/10/07,09:47:33,147,ON,5,L1005 二面幅位置決め異常
409,2022/10/07,09:09:26,57,ON,3,L1003 ﾉｯﾁ前進不良
410,2022/10/07,08:07:31,56,ON,3,L1003 ﾉｯﾁ前進不良
411,2022/10/07,08:07:31,61,ON,1,L1001 ｸﾗﾝﾌﾟ不良
412,2022/10/06,18:40:21,4,ON,0,L1000 安全ｸﾗｯﾁ異常
413,2022/10/06,18:38:02,146,ON,5,L1005 二面幅位置決め異常
414,2022/10/06,18:11:47,55,ON,3,L1003 ﾉｯﾁ前進不良
415,2022/10/06,16:53:56,54,ON,3,L1003 ﾉｯﾁ前進不良
416,2022/10/06,15:39:32,53,ON,3,L1003 ﾉｯﾁ前進不良
417,2022/10/06,15:32:35,52,ON,3,L1003 ﾉｯﾁ前進不良
418,2022/10/06,15:30:34,51,ON,3,L1003 ﾉｯﾁ前進不良
419,2022/10/06,15:30:34,60,ON,1,L1001 ｸﾗﾝﾌﾟ不良
420,2022/10/06,13:36:52,145,ON,5,L1005 二面幅位置決め異常
421,2022/10/06,13:33:47,50,ON,3,L1003 ﾉｯﾁ前進不良
422,2022/10/06,13:33:47,59,ON,1,L1001 ｸﾗﾝﾌﾟ不良
423,2022/10/06,13:33:12,144,ON,5,L1005 二面幅位置決め異常
424,2022/10/06,13:32:53,143,ON,5,L1005 二面幅位置決め異常
425,2022/10/06,13:24:15,49,ON,3,L1003 ﾉｯﾁ前進不良
426,2022/10/06,12:11:28,48,ON,3,L1003 ﾉｯﾁ前進不良
427,2022/10/06,11:55:30,142,ON,5,L1005 二面幅位置決め異常
428,2022/10/06,11:29:39,141,ON,5,L1005 二面幅位置決め異常
429,2022/10/06,10:55:14,140,ON,5,L1005 二面幅位置決め異常
430,2022/10/06,10:50:13,47,ON,3,L1003 ﾉｯﾁ前進不良
431,2022/10/06,09:34:39,46,ON,3,L1003 ﾉｯﾁ前進不良
432,2022/10/06,08:59:48,45,ON,3,L1003 ﾉｯﾁ前進不良
433,2022/10/05,18:39:36,44,ON,3,L1003 ﾉｯﾁ前進不良
434,2022/10/05,17:01:00,139,ON,5,L1005 二面幅位置決め異常
435,2022/10/05,15:16:25,58,ON,1,L1001 ｸﾗﾝﾌﾟ不良
436,2022/10/05,14:28:03,43,ON,3,L1003 ﾉｯﾁ前進不良
437,2022/10/05,14:25:10,138,ON,5,L1005 二面幅位置決め異常
438,2022/10/03,08:43:29,137,ON,5,L1005 二面幅位置決め異常
439,2022/10/03,08:42:32,136,ON,5,L1005 二面幅位置決め異常
440,2022/10/03,08:42:08,135,ON,5,L1005 二面幅位置決め異常
441,2022/10/03,08:37:12,35,ON,54,L1306 ｶｳﾝﾄｾﾝｻｰ異常
442,2022/09/30,18:51:12,42,ON,3,L1003 ﾉｯﾁ前進不良
443,2022/09/30,17:16:31,41,ON,3,L1003 ﾉｯﾁ前進不良
444,2022/09/30,16:44:31,134,ON,5,L1005 二面幅位置決め異常
445,2022/09/30,13:48:49,133,ON,5,L1005 二面幅位置決め異常
446,2022/09/30,13:47:03,132,ON,5,L1005 二面幅位置決め異常
447,2022/09/29,18:10:53,131,ON,5,L1005 二面幅位置決め異常
448,2022/09/29,18:09:06,40,ON,3,L1003 ﾉｯﾁ前進不良
449,2022/09/29,18:06:58,130,ON,5,L1005 二面幅位置決め異常
450,2022/09/29,17:52:46,129,ON,5,L1005 二面幅位置決め異常
451,2022/09/29,17:51:20,128,ON,5,L1005 二面幅位置決め異常
452,2022/09/29,16:19:38,5,ON,2,L1002 横穴未貫通異常
453,2022/09/29,16:17:53,39,ON,3,L1003 ﾉｯﾁ前進不良
454,2022/09/29,16:17:53,57,ON,1,L1001 ｸﾗﾝﾌﾟ不良
455,2022/09/29,15:15:57,127,ON,5,L1005 二面幅位置決め異常
456,2022/09/29,15:15:03,126,ON,5,L1005 二面幅位置決め異常
457,2022/09/29,14:43:03,125,ON,5,L1005 二面幅位置決め異常
458,2022/09/29,14:26:52,124,ON,5,L1005 二面幅位置決め異常
459,2022/09/29,11:44:38,38,ON,3,L1003 ﾉｯﾁ前進不良
460,2022/09/29,09:30:30,123,ON,5,L1005 二面幅位置決め異常
461,2022/09/29,09:15:21,122,ON,5,L1005 二面幅位置決め異常
462,2022/09/28,16:34:17,34,ON,54,L1306 ｶｳﾝﾄｾﾝｻｰ異常
463,2022/09/28,13:36:31,37,ON,3,L1003 ﾉｯﾁ前進不良
464,2022/09/28,13:36:31,56,ON,1,L1001 ｸﾗﾝﾌﾟ不良
465,2022/09/28,11:20:55,33,ON,54,L1306 ｶｳﾝﾄｾﾝｻｰ異常
466,2022/09/28,08:28:49,55,ON,1,L1001 ｸﾗﾝﾌﾟ不良
467,2022/09/28,08:27:42,54,ON,1,L1001 ｸﾗﾝﾌﾟ不良
468,2022/09/27,14:23:49,32,ON,54,L1306 ｶｳﾝﾄｾﾝｻｰ異常
469,2022/09/27,13:55:48,36,ON,3,L1003 ﾉｯﾁ前進不良
470,2022/09/27,13:55:48,53,ON,1,L1001 ｸﾗﾝﾌﾟ不良
471,2022/09/27,13:52:03,52,ON,1,L1001 ｸﾗﾝﾌﾟ不良
472,2022/09/27,13:50:52,35,ON,3,L1003 ﾉｯﾁ前進不良
473,2022/09/27,13:34:49,34,ON,3,L1003 ﾉｯﾁ前進不良
474,2022/09/27,11:04:47,33,ON,3,L1003 ﾉｯﾁ前進不良
475,2022/09/27,09:37:03,51,ON,1,L1001 ｸﾗﾝﾌﾟ不良
476,2022/09/26,16:30:38,32,ON,3,L1003 ﾉｯﾁ前進不良
477,2022/09/26,16:30:38,50,ON,1,L1001 ｸﾗﾝﾌﾟ不良
478,2022/09/26,15:13:03,31,ON,54,L1306 ｶｳﾝﾄｾﾝｻｰ異常
479,2022/09/26,13:32:38,49,ON,1,L1001 ｸﾗﾝﾌﾟ不良
480,2022/09/26,13:05:48,30,ON,54,L1306 ｶｳﾝﾄｾﾝｻｰ異常
481,2022/09/26,12:52:50,29,ON,54,L1306 ｶｳﾝﾄｾﾝｻｰ異常
482,2022/09/26,11:09:15,28,ON,54,L1306 ｶｳﾝﾄｾﾝｻｰ異常
483,2022/09/26,10:30:11,48,ON,1,L1001 ｸﾗﾝﾌﾟ不良
484,2022/09/26,10:26:12,47,ON,1,L1001 ｸﾗﾝﾌﾟ不良
485,2022/09/26,10:06:25,27,ON,54,L1306 ｶｳﾝﾄｾﾝｻｰ異常
486,2022/09/26,09:35:49,26,ON,54,L1306 ｶｳﾝﾄｾﾝｻｰ異常
487,2022/09/26,09:01:27,25,ON,54,L1306 ｶｳﾝﾄｾﾝｻｰ異常
488,2022/09/23,18:19:11,24,ON,54,L1306 ｶｳﾝﾄｾﾝｻｰ異常
489,2022/09/23,17:32:13,23,ON,54,L1306 ｶｳﾝﾄｾﾝｻｰ異常
490,2022/09/23,15:55:07,46,ON,1,L1001 ｸﾗﾝﾌﾟ不良
491,2022/09/23,15:14:06,22,ON,54,L1306 ｶｳﾝﾄｾﾝｻｰ異常
492,2022/09/23,15:07:16,3,ON,32,L1200 非常停止PB検出
493,2022/09/23,14:16:25,45,ON,1,L1001 ｸﾗﾝﾌﾟ不良
494,2022/09/23,14:13:34,21,ON,54,L1306 ｶｳﾝﾄｾﾝｻｰ異常
495,2022/09/23,13:47:29,50,ON,4,L1004 足先検査不良
496,2022/09/22,08:17:05,121,ON,5,L1005 二面幅位置決め異常
497,2022/09/22,08:15:44,20,ON,54,L1306 ｶｳﾝﾄｾﾝｻｰ異常
498,2022/09/22,08:12:06,120,ON,5,L1005 二面幅位置決め異常
499,2022/09/21,18:19:28,119,ON,5,L1005 二面幅位置決め異常
500,2022/09/21,18:13:08,118,ON,5,L1005 二面幅位置決め異常
501,2022/09/21,17:57:42,117,ON,5,L1005 二面幅位置決め異常
502,2022/09/21,17:55:24,116,ON,5,L1005 二面幅位置決め異常
503,2022/09/21,17:45:05,115,ON,5,L1005 二面幅位置決め異常
504,2022/09/21,17:12:51,44,ON,1,L1001 ｸﾗﾝﾌﾟ不良
505,2022/09/21,17:04:10,4,ON,2,L1002 横穴未貫通異常
506,2022/09/21,16:56:26,31,ON,3,L1003 ﾉｯﾁ前進不良
507,2022/09/21,16:50:03,114,ON,5,L1005 二面幅位置決め異常
508,2022/09/21,16:46:37,113,ON,5,L1005 二面幅位置決め異常
509,2022/09/21,16:21:47,43,ON,1,L1001 ｸﾗﾝﾌﾟ不良
510,2022/09/21,14:58:06,42,ON,1,L1001 ｸﾗﾝﾌﾟ不良
511,2022/09/21,14:50:25,41,ON,1,L1001 ｸﾗﾝﾌﾟ不良
512,2022/09/21,14:39:15,112,ON,5,L1005 二面幅位置決め異常
513,2022/09/21,13:34:57,40,ON,1,L1001 ｸﾗﾝﾌﾟ不良
514,2022/09/21,12:55:01,30,ON,3,L1003 ﾉｯﾁ前進不良
515,2022/09/21,12:02:43,3,ON,2,L1002 横穴未貫通異常
516,2022/09/21,11:59:56,29,ON,3,L1003 ﾉｯﾁ前進不良
517,2022/09/21,11:54:07,28,ON,3,L1003 ﾉｯﾁ前進不良
518,2022/09/21,11:31:28,39,ON,1,L1001 ｸﾗﾝﾌﾟ不良
519,2022/09/21,10:59:09,111,ON,5,L1005 二面幅位置決め異常
520,2022/09/21,10:35:50,110,ON,5,L1005 二面幅位置決め異常
521,2022/09/21,10:34:06,27,ON,3,L1003 ﾉｯﾁ前進不良
522,2022/09/21,10:04:13,19,ON,54,L1306 ｶｳﾝﾄｾﾝｻｰ異常
523,2022/09/21,09:46:40,26,ON,3,L1003 ﾉｯﾁ前進不良
524,2022/09/21,08:43:05,109,ON,5,L1005 二面幅位置決め異常
525,2022/09/21,08:37:34,108,ON,5,L1005 二面幅位置決め異常
526,2022/09/20,18:18:53,107,ON,5,L1005 二面幅位置決め異常
527,2022/09/20,14:22:19,106,ON,5,L1005 二面幅位置決め異常
528,2022/09/20,12:54:45,25,ON,3,L1003 ﾉｯﾁ前進不良
529,2022/09/20,11:00:24,38,ON,1,L1001 ｸﾗﾝﾌﾟ不良
530,2022/09/20,10:49:16,24,ON,3,L1003 ﾉｯﾁ前進不良
531,2022/09/20,10:49:16,37,ON,1,L1001 ｸﾗﾝﾌﾟ不良
532,2022/09/20,10:11:20,36,ON,1,L1001 ｸﾗﾝﾌﾟ不良
533,2022/09/20,10:09:01,23,ON,3,L1003 ﾉｯﾁ前進不良
534,2022/09/20,09:56:17,105,ON,5,L1005 二面幅位置決め異常
535,2022/09/20,09:55:47,104,ON,5,L1005 二面幅位置決め異常
536,2022/09/20,09:54:55,103,ON,5,L1005 二面幅位置決め異常
537,2022/09/20,09:53:27,102,ON,5,L1005 二面幅位置決め異常
538,2022/09/20,09:51:39,101,ON,5,L1005 二面幅位置決め異常
539,2022/09/20,08:26:40,100,ON,5,L1005 二面幅位置決め異常
540,2022/09/19,16:51:49,35,ON,1,L1001 ｸﾗﾝﾌﾟ不良
541,2022/09/19,14:46:29,22,ON,3,L1003 ﾉｯﾁ前進不良
542,2022/09/19,14:46:29,34,ON,1,L1001 ｸﾗﾝﾌﾟ不良
543,2022/09/19,14:43:40,21,ON,3,L1003 ﾉｯﾁ前進不良
544,2022/09/19,14:39:44,99,ON,5,L1005 二面幅位置決め異常
545,2022/09/19,14:18:00,3,ON,0,L1000 安全ｸﾗｯﾁ異常
546,2022/09/19,14:17:15,2,ON,0,L1000 安全ｸﾗｯﾁ異常
547,2022/09/19,14:16:43,98,ON,5,L1005 二面幅位置決め異常
548,2022/09/14,11:29:10,97,ON,5,L1005 二面幅位置決め異常
549,2022/09/14,11:27:46,96,ON,5,L1005 二面幅位置決め異常
550,2022/09/14,11:26:20,95,ON,5,L1005 二面幅位置決め異常
551,2022/09/14,11:24:45,20,ON,3,L1003 ﾉｯﾁ前進不良
552,2022/09/14,11:17:38,1,ON,0,L1000 安全ｸﾗｯﾁ異常
553,2022/09/14,11:14:53,94,ON,5,L1005 二面幅位置決め異常
554,2022/09/14,10:53:10,93,ON,5,L1005 二面幅位置決め異常
555,2022/09/14,10:01:30,18,ON,54,L1306 ｶｳﾝﾄｾﾝｻｰ異常
556,2022/09/14,09:59:29,92,ON,5,L1005 二面幅位置決め異常
557,2022/09/14,09:56:52,91,ON,5,L1005 二面幅位置決め異常
558,2022/09/14,09:47:49,17,ON,54,L1306 ｶｳﾝﾄｾﾝｻｰ異常
559,2022/09/14,09:19:32,90,ON,5,L1005 二面幅位置決め異常
560,2022/09/14,09:09:06,49,ON,4,L1004 足先検査不良
561,2022/09/13,17:17:28,16,ON,54,L1306 ｶｳﾝﾄｾﾝｻｰ異常
562,2022/09/13,17:13:11,89,ON,5,L1005 二面幅位置決め異常
563,2022/09/13,17:12:59,88,ON,5,L1005 二面幅位置決め異常
564,2022/09/13,17:09:40,19,ON,3,L1003 ﾉｯﾁ前進不良
565,2022/09/13,13:08:28,18,ON,3,L1003 ﾉｯﾁ前進不良
566,2022/09/13,12:20:11,87,ON,5,L1005 二面幅位置決め異常
567,2022/09/13,11:00:17,2,ON,2,L1002 横穴未貫通異常
568,2022/09/13,09:28:52,86,ON,5,L1005 二面幅位置決め異常
569,2022/09/13,08:43:12,48,ON,4,L1004 足先検査不良
570,2022/09/12,16:49:47,85,ON,5,L1005 二面幅位置決め異常
571,2022/09/12,15:57:30,1,ON,48,L1300 残留ﾜｰｸ検知異常
572,2022/09/12,15:18:01,84,ON,5,L1005 二面幅位置決め異常
573,2022/09/12,14:39:52,83,ON,5,L1005 二面幅位置決め異常
574,2022/09/12,11:10:46,82,ON,5,L1005 二面幅位置決め異常
575,2022/09/12,10:37:08,33,ON,1,L1001 ｸﾗﾝﾌﾟ不良
576,2022/09/12,10:35:24,32,ON,1,L1001 ｸﾗﾝﾌﾟ不良
577,2022/09/12,10:23:03,17,ON,3,L1003 ﾉｯﾁ前進不良
578,2022/09/12,08:26:53,47,ON,4,L1004 足先検査不良
579,2022/09/12,08:25:02,46,ON,4,L1004 足先検査不良
580,2022/09/12,08:22:27,45,ON,4,L1004 足先検査不良
581,2022/09/10,11:00:56,81,ON,5,L1005 二面幅位置決め異常
582,2022/09/10,08:31:10,80,ON,5,L1005 二面幅位置決め異常
583,2022/09/10,08:06:26,44,ON,4,L1004 足先検査不良
584,2022/09/09,16:08:27,31,ON,1,L1001 ｸﾗﾝﾌﾟ不良
585,2022/09/09,14:51:20,79,ON,5,L1005 二面幅位置決め異常
586,2022/09/09,14:38:34,43,ON,4,L1004 足先検査不良
587,2022/08/31,10:39:07,78,ON,5,L1005 二面幅位置決め異常
588,2022/08/30,17:52:05,77,ON,5,L1005 二面幅位置決め異常
589,2022/08/30,16:06:27,76,ON,5,L1005 二面幅位置決め異常
590,2022/08/30,16:05:52,75,ON,5,L1005 二面幅位置決め異常
591,2022/08/30,16:01:08,74,ON,5,L1005 二面幅位置決め異常
592,2022/08/30,15:40:06,1,ON,2,L1002 横穴未貫通異常
593,2022/08/30,14:59:09,30,ON,1,L1001 ｸﾗﾝﾌﾟ不良
594,2022/08/30,14:47:24,29,ON,1,L1001 ｸﾗﾝﾌﾟ不良
595,2022/08/30,13:38:15,73,ON,5,L1005 二面幅位置決め異常
596,2022/08/30,13:30:58,16,ON,3,L1003 ﾉｯﾁ前進不良
597,2022/08/30,13:05:05,15,ON,3,L1003 ﾉｯﾁ前進不良
598,2022/08/30,10:57:12,72,ON,5,L1005 二面幅位置決め異常
599,2022/08/30,10:55:13,15,ON,54,L1306 ｶｳﾝﾄｾﾝｻｰ異常
600,2022/08/30,10:15:04,14,ON,54,L1306 ｶｳﾝﾄｾﾝｻｰ異常
601,2022/08/29,16:54:52,71,ON,5,L1005 二面幅位置決め異常
602,2022/08/29,16:53:53,13,ON,54,L1306 ｶｳﾝﾄｾﾝｻｰ異常
603,2022/08/29,16:49:46,70,ON,5,L1005 二面幅位置決め異常
604,2022/08/29,15:20:58,69,ON,5,L1005 二面幅位置決め異常
605,2022/08/29,14:27:04,14,ON,3,L1003 ﾉｯﾁ前進不良
606,2022/08/29,13:43:21,28,ON,1,L1001 ｸﾗﾝﾌﾟ不良
607,2022/08/29,11:04:34,27,ON,1,L1001 ｸﾗﾝﾌﾟ不良
608,2022/08/29,11:03:48,26,ON,1,L1001 ｸﾗﾝﾌﾟ不良
609,2022/08/29,11:03:11,25,ON,1,L1001 ｸﾗﾝﾌﾟ不良
610,2022/08/29,11:00:20,24,ON,1,L1001 ｸﾗﾝﾌﾟ不良
611,2022/08/29,10:58:04,68,ON,5,L1005 二面幅位置決め異常
612,2022/08/29,10:48:50,67,ON,5,L1005 二面幅位置決め異常
613,2022/08/29,10:34:09,23,ON,1,L1001 ｸﾗﾝﾌﾟ不良
614,2022/08/29,10:33:28,22,ON,1,L1001 ｸﾗﾝﾌﾟ不良
615,2022/08/29,10:32:34,21,ON,1,L1001 ｸﾗﾝﾌﾟ不良
616,2022/08/29,10:31:56,20,ON,1,L1001 ｸﾗﾝﾌﾟ不良
617,2022/08/29,10:27:26,19,ON,1,L1001 ｸﾗﾝﾌﾟ不良
618,2022/08/29,10:07:39,18,ON,1,L1001 ｸﾗﾝﾌﾟ不良
619,2022/08/29,09:39:52,17,ON,1,L1001 ｸﾗﾝﾌﾟ不良
620,2022/08/29,09:32:20,66,ON,5,L1005 二面幅位置決め異常
621,2022/08/29,09:20:04,65,ON,5,L1005 二面幅位置決め異常
622,2022/08/29,09:16:43,64,ON,5,L1005 二面幅位置決め異常
623,2022/08/29,09:15:52,63,ON,5,L1005 二面幅位置決め異常
624,2022/08/29,09:01:56,62,ON,5,L1005 二面幅位置決め異常
625,2022/08/29,08:58:38,61,ON,5,L1005 二面幅位置決め異常
626,2022/08/29,08:42:49,16,ON,1,L1001 ｸﾗﾝﾌﾟ不良
627,2022/08/29,08:27:34,60,ON,5,L1005 二面幅位置決め異常
628,2022/08/29,08:19:53,15,ON,1,L1001 ｸﾗﾝﾌﾟ不良
629,2022/08/29,08:07:59,59,ON,5,L1005 二面幅位置決め異常
630,2022/08/29,08:03:59,42,ON,4,L1004 足先検査不良
631,2022/08/26,18:49:52,58,ON,5,L1005 二面幅位置決め異常
632,2022/08/26,18:49:17,57,ON,5,L1005 二面幅位置決め異常
633,2022/08/26,18:47:53,14,ON,1,L1001 ｸﾗﾝﾌﾟ不良
634,2022/08/26,18:31:57,56,ON,5,L1005 二面幅位置決め異常
635,2022/08/26,18:13:33,55,ON,5,L1005 二面幅位置決め異常
636,2022/08/26,18:05:53,41,ON,4,L1004 足先検査不良
637,2022/08/26,18:03:33,40,ON,4,L1004 足先検査不良
638,2022/08/26,17:49:35,39,ON,4,L1004 足先検査不良
639,2022/08/26,17:47:11,54,ON,5,L1005 二面幅位置決め異常
640,2022/08/26,17:38:41,38,ON,4,L1004 足先検査不良
641,2022/08/26,17:37:45,37,ON,4,L1004 足先検査不良
642,2022/08/26,17:15:52,13,ON,1,L1001 ｸﾗﾝﾌﾟ不良
643,2022/08/26,17:10:20,53,ON,5,L1005 二面幅位置決め異常
644,2022/08/26,17:02:19,36,ON,4,L1004 足先検査不良
645,2022/08/26,16:53:44,35,ON,4,L1004 足先検査不良
646,2022/08/26,16:47:59,52,ON,5,L1005 二面幅位置決め異常
647,2022/08/26,16:43:07,34,ON,4,L1004 足先検査不良
648,2022/08/26,16:39:44,33,ON,4,L1004 足先検査不良
649,2022/08/26,16:14:52,32,ON,4,L1004 足先検査不良
650,2022/08/26,16:04:42,31,ON,4,L1004 足先検査不良
651,2022/08/26,16:03:49,30,ON,4,L1004 足先検査不良
652,2022/08/26,15:59:27,29,ON,4,L1004 足先検査不良
653,2022/08/26,15:59:03,28,ON,4,L1004 足先検査不良
654,2022/08/26,15:54:52,51,ON,5,L1005 二面幅位置決め異常
655,2022/08/26,14:37:07,12,ON,54,L1306 ｶｳﾝﾄｾﾝｻｰ異常
656,2022/08/26,14:25:51,11,ON,54,L1306 ｶｳﾝﾄｾﾝｻｰ異常
657,2022/08/26,14:24:27,10,ON,54,L1306 ｶｳﾝﾄｾﾝｻｰ異常
658,2022/08/26,14:22:09,27,ON,4,L1004 足先検査不良
659,2022/08/26,14:21:05,26,ON,4,L1004 足先検査不良
660,2022/08/26,14:20:51,25,ON,4,L1004 足先検査不良
661,2022/08/12,08:12:59,50,ON,5,L1005 二面幅位置決め異常
662,2022/08/12,08:10:55,49,ON,5,L1005 二面幅位置決め異常
663,2022/08/12,08:10:02,48,ON,5,L1005 二面幅位置決め異常
664,2022/08/12,08:09:19,47,ON,5,L1005 二面幅位置決め異常
665,2022/08/12,08:08:23,46,ON,5,L1005 二面幅位置決め異常
666,2022/08/12,08:06:32,45,ON,5,L1005 二面幅位置決め異常
667,2022/08/12,08:02:41,24,ON,4,L1004 足先検査不良
668,2022/08/11,16:40:48,9,ON,54,L1306 ｶｳﾝﾄｾﾝｻｰ異常
669,2022/08/11,15:54:40,23,ON,4,L1004 足先検査不良
670,2022/08/11,15:53:03,22,ON,4,L1004 足先検査不良
671,2022/08/11,15:13:34,44,ON,5,L1005 二面幅位置決め異常
672,2022/08/11,14:46:34,43,ON,5,L1005 二面幅位置決め異常
673,2022/08/11,14:44:59,8,ON,54,L1306 ｶｳﾝﾄｾﾝｻｰ異常
674,2022/08/11,14:34:45,42,ON,5,L1005 二面幅位置決め異常
675,2022/08/11,14:17:02,41,ON,5,L1005 二面幅位置決め異常
676,2022/08/11,14:15:32,40,ON,5,L1005 二面幅位置決め異常
677,2022/08/11,14:00:47,39,ON,5,L1005 二面幅位置決め異常
678,2022/08/11,13:57:22,7,ON,54,L1306 ｶｳﾝﾄｾﾝｻｰ異常
679,2022/08/11,13:35:58,21,ON,4,L1004 足先検査不良
680,2022/08/11,13:35:42,20,ON,4,L1004 足先検査不良
681,2022/08/11,12:16:15,19,ON,4,L1004 足先検査不良
682,2022/08/11,12:09:01,13,ON,3,L1003 ﾉｯﾁ前進不良
683,2022/08/11,11:04:37,38,ON,5,L1005 二面幅位置決め異常
684,2022/08/11,11:01:05,12,ON,3,L1003 ﾉｯﾁ前進不良
685,2022/08/11,11:00:29,37,ON,5,L1005 二面幅位置決め異常
686,2022/08/11,10:26:07,11,ON,3,L1003 ﾉｯﾁ前進不良
687,2022/08/11,10:26:07,12,ON,1,L1001 ｸﾗﾝﾌﾟ不良
688,2022/08/11,09:59:39,36,ON,5,L1005 二面幅位置決め異常
689,2022/08/11,08:47:33,11,ON,1,L1001 ｸﾗﾝﾌﾟ不良
690,2022/08/11,08:46:34,10,ON,1,L1001 ｸﾗﾝﾌﾟ不良
691,2022/08/11,08:34:15,9,ON,1,L1001 ｸﾗﾝﾌﾟ不良
692,2022/08/11,08:33:10,35,ON,5,L1005 二面幅位置決め異常
693,2022/08/11,08:32:42,8,ON,1,L1001 ｸﾗﾝﾌﾟ不良
694,2022/08/11,08:31:48,7,ON,1,L1001 ｸﾗﾝﾌﾟ不良
695,2022/08/11,08:30:42,6,ON,1,L1001 ｸﾗﾝﾌﾟ不良
696,2022/08/11,08:12:54,5,ON,1,L1001 ｸﾗﾝﾌﾟ不良
697,2022/08/11,08:04:07,18,ON,4,L1004 足先検査不良
698,2022/08/10,18:47:15,17,ON,4,L1004 足先検査不良
699,2022/08/10,18:45:52,34,ON,5,L1005 二面幅位置決め異常
700,2022/08/10,18:01:51,33,ON,5,L1005 二面幅位置決め異常
701,2022/08/10,17:50:31,4,ON,1,L1001 ｸﾗﾝﾌﾟ不良
702,2022/08/10,17:48:25,32,ON,5,L1005 二面幅位置決め異常
703,2022/08/10,17:47:28,16,ON,4,L1004 足先検査不良
704,2022/08/10,17:47:14,15,ON,4,L1004 足先検査不良
705,2022/08/10,17:46:33,6,ON,54,L1306 ｶｳﾝﾄｾﾝｻｰ異常
706,2022/08/10,17:18:05,14,ON,4,L1004 足先検査不良
707,2022/08/10,17:17:02,13,ON,4,L1004 足先検査不良
708,2022/08/10,17:16:28,12,ON,4,L1004 足先検査不良
709,2022/08/10,17:08:56,31,ON,5,L1005 二面幅位置決め異常
710,2022/08/10,16:47:01,30,ON,5,L1005 二面幅位置決め異常
711,2022/08/10,16:16:07,29,ON,5,L1005 二面幅位置決め異常
712,2022/08/10,16:03:25,28,ON,5,L1005 二面幅位置決め異常
713,2022/08/10,16:00:47,27,ON,5,L1005 二面幅位置決め異常
714,2022/08/10,15:51:03,10,ON,3,L1003 ﾉｯﾁ前進不良
715,2022/08/10,15:43:18,3,ON,1,L1001 ｸﾗﾝﾌﾟ不良
716,2022/08/10,15:36:49,2,ON,1,L1001 ｸﾗﾝﾌﾟ不良
717,2022/08/10,15:28:10,1,ON,1,L1001 ｸﾗﾝﾌﾟ不良
718,2022/08/10,15:25:40,26,ON,5,L1005 二面幅位置決め異常
719,2022/08/10,14:41:35,9,ON,3,L1003 ﾉｯﾁ前進不良
720,2022/08/10,14:35:01,8,ON,3,L1003 ﾉｯﾁ前進不良
721,2022/08/10,14:28:48,25,ON,5,L1005 二面幅位置決め異常
722,2022/08/10,14:27:06,24,ON,5,L1005 二面幅位置決め異常
723,2022/08/10,14:22:30,7,ON,3,L1003 ﾉｯﾁ前進不良
724,2022/08/10,14:16:14,2,ON,32,L1200 非常停止PB検出
725,2022/08/10,14:15:33,11,ON,4,L1004 足先検査不良
726,2022/08/10,14:15:26,6,ON,3,L1003 ﾉｯﾁ前進不良
727,2022/08/10,14:14:47,5,ON,3,L1003 ﾉｯﾁ前進不良
728,2022/08/10,14:14:32,4,ON,3,L1003 ﾉｯﾁ前進不良
729,2022/08/10,14:10:47,23,ON,5,L1005 二面幅位置決め異常
730,2022/08/10,14:08:23,10,ON,4,L1004 足先検査不良
731,2022/08/10,13:54:02,9,ON,4,L1004 足先検査不良
732,2022/08/10,12:26:16,22,ON,5,L1005 二面幅位置決め異常
733,2022/08/10,12:18:01,21,ON,5,L1005 二面幅位置決め異常
734,2022/08/10,12:12:24,20,ON,5,L1005 二面幅位置決め異常
735,2022/08/10,12:11:07,19,ON,5,L1005 二面幅位置決め異常
736,2022/08/10,11:42:57,18,ON,5,L1005 二面幅位置決め異常
737,2022/08/10,11:39:30,17,ON,5,L1005 二面幅位置決め異常
738,2022/08/10,10:58:35,5,ON,54,L1306 ｶｳﾝﾄｾﾝｻｰ異常
739,2022/08/10,10:32:35,16,ON,5,L1005 二面幅位置決め異常
740,2022/08/10,10:28:34,15,ON,5,L1005 二面幅位置決め異常
741,2022/08/10,10:26:17,14,ON,5,L1005 二面幅位置決め異常
742,2022/08/10,10:25:10,13,ON,5,L1005 二面幅位置決め異常
743,2022/08/10,10:22:43,4,ON,54,L1306 ｶｳﾝﾄｾﾝｻｰ異常
744,2022/08/10,10:14:14,3,ON,54,L1306 ｶｳﾝﾄｾﾝｻｰ異常
745,2022/08/10,09:58:44,12,ON,5,L1005 二面幅位置決め異常
746,2022/08/10,09:56:36,11,ON,5,L1005 二面幅位置決め異常
747,2022/08/10,08:56:45,10,ON,5,L1005 二面幅位置決め異常
748,2022/08/10,08:53:41,9,ON,5,L1005 二面幅位置決め異常
749,2022/08/10,08:52:13,8,ON,5,L1005 二面幅位置決め異常
750,2022/08/10,08:28:09,7,ON,5,L1005 二面幅位置決め異常
751,2022/08/10,08:27:25,2,ON,54,L1306 ｶｳﾝﾄｾﾝｻｰ異常
752,2022/08/10,08:22:30,6,ON,5,L1005 二面幅位置決め異常
753,2022/08/10,08:19:35,1,ON,54,L1306 ｶｳﾝﾄｾﾝｻｰ異常
754,2022/08/10,08:07:35,3,ON,3,L1003 ﾉｯﾁ前進不良
755,2022/08/10,08:07:34,8,ON,4,L1004 足先検査不良
756,2022/08/10,08:04:52,7,ON,4,L1004 足先検査不良
757,2022/08/10,08:02:34,6,ON,4,L1004 足先検査不良
758,2022/08/10,08:02:13,5,ON,4,L1004 足先検査不良
759,2022/08/09,18:20:31,5,ON,5,L1005 二面幅位置決め異常
760,2022/08/09,17:51:28,2,ON,3,L1003 ﾉｯﾁ前進不良
761,2022/08/09,17:47:20,4,ON,5,L1005 二面幅位置決め異常
762,2022/08/09,17:45:14,3,ON,5,L1005 二面幅位置決め異常
763,2022/08/09,17:34:56,2,ON,5,L1005 二面幅位置決め異常
764,2022/08/09,17:21:51,4,ON,4,L1004 足先検査不良
765,2022/08/09,17:18:45,3,ON,4,L1004 足先検査不良
766,2022/08/09,17:18:23,1,ON,5,L1005 二面幅位置決め異常
767,2022/08/09,17:14:37,1,ON,3,L1003 ﾉｯﾁ前進不良
768,2022/08/09,17:10:46,2,ON,4,L1004 足先検査不良
769,2022/08/09,16:23:49,1,ON,4,L1004 足先検査不良
770,2022/08/09,15:30:02,1,ON,32,L1200 非常停止PB検出
